"","province_name","municipal_name","total_harvest","total_msy","total_bau_2050"
"1","AGUSAN DEL NORTE","BUENAVISTA",198,106,40
"2","AGUSAN DEL NORTE","CARMEN",774,418,158
"3","AGUSAN DEL NORTE","CITY OF CABADBARAN",258,139,52
"4","AGUSAN DEL NORTE","JABONGA",693,374,142
"5","AGUSAN DEL NORTE","MAGALLANES",110,59,22
"6","AGUSAN DEL NORTE","NASIPIT",357,193,73
"7","AGUSAN DEL NORTE","TUBAY",751,405,154
"8","AKLAN","ALTAVAS",7,3,1
"9","AKLAN","BATAN",231,103,61
"10","AKLAN","BURUANGA",880,391,233
"11","AKLAN","IBAJAY",549,244,145
"12","AKLAN","KALIBO (Capital)",661,293,175
"13","AKLAN","MAKATO",71,31,18
"14","AKLAN","MALAY",515,228,136
"15","AKLAN","NABAS",574,254,151
"16","AKLAN","NEW WASHINGTON",468,208,124
"17","AKLAN","NUMANCIA",44,19,11
"18","AKLAN","TANGALAN",484,215,128
"19","ALBAY",NA,0,0,0
"20","ANTIQUE","ANINI-Y",742,557,317
"21","ANTIQUE","BARBAZA",75,56,32
"22","ANTIQUE","BELISON",46,35,19
"23","ANTIQUE","CALUYA",1796,1347,767
"24","ANTIQUE","CULASI",860,645,367
"25","ANTIQUE","HAMTIC",77,58,33
"26","ANTIQUE","LAUA-AN",91,68,39
"27","ANTIQUE","LIBERTAD",202,151,86
"28","ANTIQUE","PANDAN",74,55,31
"29","ANTIQUE","PATNONGON",133,100,57
"30","ANTIQUE","SAN JOSE (Capital)",187,140,79
"31","ANTIQUE","SEBASTE",106,80,45
"32","ANTIQUE","TIBIAO",112,84,48
"33","ANTIQUE","TOBIAS FORNIER (DAO)",125,93,53
"34","AURORA","BALER (Capital)",115,65,30
"35","AURORA","CASIGURAN",378,215,100
"36","AURORA","DILASAG",71,40,18
"37","AURORA","DINALUNGAN",57,32,15
"38","AURORA","DINGALAN",130,74,34
"39","AURORA","DIPACULAO",150,85,39
"40","AURORA","SAN LUIS",123,70,32
"41","BASILAN","CITY OF LAMITAN",159,98,41
"42","BASILAN","LANTAWAN",2730,1686,708
"43","BASILAN","MALUSO",496,306,128
"44","BASILAN","SUMISIP",735,454,190
"45","BASILAN","TIPO-TIPO",480,297,124
"46","BASILAN","TUBURAN",1158,715,300
"47","BATAAN","ABUCAY",43,26,13
"48","BATAAN","BAGAC",375,230,113
"49","BATAAN","CITY OF BALANGA (Capital)",34,21,10
"50","BATAAN","LIMAY",316,194,95
"51","BATAAN","MARIVELES",739,454,224
"52","BATAAN","MORONG",625,384,189
"53","BATAAN","ORANI",21,12,6
"54","BATAAN","ORION",202,124,61
"55","BATAAN","PILAR",53,32,16
"56","BATAAN","SAMAL",32,20,9
"57","BATANES","BASCO (Capital)",85,30,8
"58","BATANES","ITBAYAT",343,120,34
"59","BATANES","IVANA",4,1,0
"60","BATANES","MAHATAO",10,3,1
"61","BATANES","SABTANG",122,42,12
"62","BATANES","UYUGAN",33,11,3
"63","BATANGAS","BALAYAN",50,42,20
"64","BATANGAS","BATANGAS CITY (Capital)",527,451,213
"65","BATANGAS","BAUAN",129,111,52
"66","BATANGAS","CALACA",110,94,44
"67","BATANGAS","CALATAGAN",1246,1067,505
"68","BATANGAS","LEMERY",54,46,21
"69","BATANGAS","LIAN",217,186,88
"70","BATANGAS","LOBO",496,425,201
"71","BATANGAS","MABINI",207,177,84
"72","BATANGAS","NASUGBU",1088,932,440
"73","BATANGAS","SAN JUAN",852,730,345
"74","BATANGAS","SAN LUIS",27,23,11
"75","BATANGAS","SAN PASCUAL",10,8,4
"76","BATANGAS","TAAL",13,11,5
"77","BATANGAS","TINGLOY",733,628,297
"78","BILIRAN","ALMERIA",115,61,27
"79","BILIRAN","BILIRAN",40,21,9
"80","BILIRAN","CABUCGAYAN",340,182,81
"81","BILIRAN","CAIBIRAN",281,150,67
"82","BILIRAN","CULABA",419,224,100
"83","BILIRAN","KAWAYAN",513,274,123
"84","BILIRAN","MARIPIPI",785,420,188
"85","BILIRAN","NAVAL (Capital)",74,39,17
"86","BOHOL","ALBURQUERQUE",22,21,12
"87","BOHOL","ANDA",317,306,173
"88","BOHOL","BACLAYON",376,362,205
"89","BOHOL","BIEN UNIDO",702,676,383
"90","BOHOL","BUENAVISTA",67,65,36
"91","BOHOL","CALAPE",135,130,73
"92","BOHOL","CANDIJAY",58,55,31
"93","BOHOL","CLARIN",39,37,21
"94","BOHOL","CORTES",1,1,0
"95","BOHOL","DAUIS",77,75,42
"96","BOHOL","DIMIAO",70,67,38
"97","BOHOL","DUERO",70,68,38
"98","BOHOL","GARCIA HERNANDEZ",150,145,82
"99","BOHOL","GETAFE",151,145,82
"100","BOHOL","GUINDULMAN",117,113,64
"101","BOHOL","INABANGA",112,108,61
"102","BOHOL","JAGNA",163,157,89
"103","BOHOL","LILA",100,96,54
"104","BOHOL","LOAY",90,86,49
"105","BOHOL","LOON",274,264,149
"106","BOHOL","MABINI",137,132,75
"107","BOHOL","MARIBOJOC",51,49,27
"108","BOHOL","PANGLAO",578,557,315
"109","BOHOL","PRES. CARLOS P. GARCIA (PITOGO)",326,314,178
"110","BOHOL","TAGBILARAN CITY (Capital)",21,20,11
"111","BOHOL","TALIBON",252,242,137
"112","BOHOL","TRINIDAD",0,0,0
"113","BOHOL","TUBIGON",278,268,151
"114","BOHOL","UBAY",168,161,91
"115","BOHOL","VALENCIA",80,77,43
"116","BULACAN","BULACAN",122,112,61
"117","BULACAN","CITY OF MALOLOS (Capital)",20,19,10
"118","BULACAN","HAGONOY",184,170,92
"119","BULACAN","OBANDO",21,19,10
"120","BULACAN","PAOMBONG",15,14,7
"121","CAGAYAN","ABULUG",313,228,152
"122","CAGAYAN","APARRI",2159,1572,1052
"123","CAGAYAN","BAGGAO",501,365,244
"124","CAGAYAN","BALLESTEROS",162,118,79
"125","CAGAYAN","BUGUEY",249,181,121
"126","CAGAYAN","CALAYAN",8527,6209,4157
"127","CAGAYAN","CLAVERIA",327,238,159
"128","CAGAYAN","GATTARAN",200,145,97
"129","CAGAYAN","GONZAGA",561,408,273
"130","CAGAYAN","LAL-LO",84,61,41
"131","CAGAYAN","PAMPLONA",167,121,81
"132","CAGAYAN","PEﾑABLANCA",559,407,272
"133","CAGAYAN","SANCHEZ-MIRA",330,240,161
"134","CAGAYAN","SANTA ANA",2115,1540,1031
"135","CAGAYAN","SANTA PRAXEDES",248,181,121
"136","CAGAYAN","SANTA TERESITA",19,14,9
"137","CAMARINES NORTE","BASUD",22,10,6
"138","CAMARINES NORTE","CAPALONGA",1478,705,413
"139","CAMARINES NORTE","DAET (Capital)",104,49,29
"140","CAMARINES NORTE","JOSE PANGANIBAN",1390,663,389
"141","CAMARINES NORTE","MERCEDES",1661,792,464
"142","CAMARINES NORTE","PARACALE",2097,1000,586
"143","CAMARINES NORTE","SANTA ELENA",283,135,79
"144","CAMARINES NORTE","TALISAY",25,12,7
"145","CAMARINES NORTE","VINZONS",4567,2179,1278
"146","CAMARINES SUR","BALATAN",534,240,107
"147","CAMARINES SUR","BATO",284,127,57
"148","CAMARINES SUR","BULA",284,127,57
"149","CAMARINES SUR","CABUSAO",195,88,39
"150","CAMARINES SUR","CALABANGA",726,326,146
"151","CAMARINES SUR","CARAMOAN",3550,1597,715
"152","CAMARINES SUR","DEL GALLEGO",260,117,52
"153","CAMARINES SUR","GARCHITORENA",2895,1302,583
"154","CAMARINES SUR","LAGONOY",1566,704,315
"155","CAMARINES SUR","LIBMANAN",1243,559,250
"156","CAMARINES SUR","LUPI",84,37,16
"157","CAMARINES SUR","MINALABAC",282,127,56
"158","CAMARINES SUR","PASACAO",1892,851,381
"159","CAMARINES SUR","PRESENTACION (PARUBCAN)",1606,722,323
"160","CAMARINES SUR","RAGAY",1210,544,243
"161","CAMARINES SUR","SAGﾑAY",515,231,103
"162","CAMARINES SUR","SAN FERNANDO",351,158,70
"163","CAMARINES SUR","SAN JOSE",238,107,48
"164","CAMARINES SUR","SIPOCOT",211,95,42
"165","CAMARINES SUR","SIRUMA",3099,1394,624
"166","CAMARINES SUR","TIGAON",81,36,16
"167","CAMARINES SUR","TINAMBAC",828,372,166
"168","CAMIGUIN","CATARMAN",315,152,52
"169","CAMIGUIN","GUINSILIBAN",63,30,10
"170","CAMIGUIN","MAHINOG",203,98,33
"171","CAMIGUIN","MAMBAJAO (Capital)",419,203,69
"172","CAMIGUIN","SAGAY",54,26,9
"173","CAPIZ","IVISAN",2750,1594,1142
"174","CAPIZ","PANAY",3059,1773,1271
"175","CAPIZ","PILAR",2532,1468,1052
"176","CAPIZ","PONTEVEDRA",407,236,169
"177","CAPIZ","PRESIDENT ROXAS",249,144,103
"178","CAPIZ","ROXAS CITY (Capital)",8400,4870,3490
"179","CAPIZ","SAPI-AN",526,305,218
"180","CATANDUANES","BAGAMANOC",109,100,51
"181","CATANDUANES","BARAS",196,180,92
"182","CATANDUANES","BATO",217,200,102
"183","CATANDUANES","CARAMORAN",394,362,185
"184","CATANDUANES","GIGMOTO",158,145,74
"185","CATANDUANES","PANDAN",444,408,209
"186","CATANDUANES","PANGANIBAN (PAYO)",56,51,26
"187","CATANDUANES","SAN ANDRES (CALOLBON)",301,276,141
"188","CATANDUANES","VIGA",138,127,65
"189","CATANDUANES","VIRAC (Capital)",222,204,104
"190","CAVITE","BACOOR CITY",9,4,2
"191","CAVITE","CAVITE CITY",320,175,94
"192","CAVITE","KAWIT",11,6,3
"193","CAVITE","MARAGONDON",197,107,57
"194","CAVITE","NAIC",100,55,29
"195","CAVITE","NOVELETA",4,2,1
"196","CAVITE","ROSARIO",107,58,31
"197","CAVITE","TANZA",173,94,51
"198","CAVITE","TERNATE",545,298,160
"199","CEBU","ALCANTARA",3,3,1
"200","CEBU","ALCOY",127,115,74
"201","CEBU","ALEGRIA",215,195,125
"202","CEBU","ALOGUINSAN",143,130,83
"203","CEBU","ARGAO",255,232,148
"204","CEBU","ASTURIAS",306,278,178
"205","CEBU","BADIAN",78,71,45
"206","CEBU","BALAMBAN",125,113,72
"207","CEBU","BANTAYAN",1131,1029,658
"208","CEBU","BARILI",164,149,95
"209","CEBU","BOLJOON",190,173,110
"210","CEBU","BORBON",185,169,108
"211","CEBU","CARMEN",85,77,49
"212","CEBU","CATMON",225,205,131
"213","CEBU","CITY OF BOGO",476,433,276
"214","CEBU","CITY OF CARCAR",190,173,110
"215","CEBU","CITY OF NAGA",110,100,64
"216","CEBU","CITY OF TALISAY",91,83,53
"217","CEBU","COMPOSTELA",92,83,53
"218","CEBU","CONSOLACION",6,6,3
"219","CEBU","CORDOBA",213,193,123
"220","CEBU","DAANBANTAYAN",1547,1408,900
"221","CEBU","DALAGUETE",211,192,122
"222","CEBU","DANAO CITY",262,238,152
"223","CEBU","DUMANJUG",130,118,75
"224","CEBU","GINATILAN",57,52,33
"225","CEBU","LILOAN",103,94,60
"226","CEBU","MADRIDEJOS",1215,1105,706
"227","CEBU","MALABUYOC",128,117,74
"228","CEBU","MEDELLIN",208,190,121
"229","CEBU","MINGLANILLA",26,23,15
"230","CEBU","MOALBOAL",246,224,143
"231","CEBU","OSLOB",411,374,239
"232","CEBU","PILAR",433,394,252
"233","CEBU","PINAMUNGAHAN",147,134,85
"234","CEBU","PORO",289,263,168
"235","CEBU","RONDA",18,17,10
"236","CEBU","SAMBOAN",83,75,48
"237","CEBU","SAN FERNANDO",66,60,38
"238","CEBU","SAN FRANCISCO",1290,1174,750
"239","CEBU","SAN REMIGIO",385,350,223
"240","CEBU","SANTA FE",744,677,432
"241","CEBU","SANTANDER",183,167,106
"242","CEBU","SIBONGA",112,102,65
"243","CEBU","SOGOD",147,133,85
"244","CEBU","TABOGON",132,120,77
"245","CEBU","TABUELAN",230,209,133
"246","CEBU","TOLEDO CITY",233,212,135
"247","CEBU","TUBURAN",383,348,222
"248","CEBU","TUDELA",279,254,162
"249","COMPOSTELA VALLEY","MABINI (DOﾑA ALICIA)",224,226,93
"250","COMPOSTELA VALLEY","MACO",17,17,7
"251","COMPOSTELA VALLEY","PANTUKAN",459,463,191
"252","DAVAO CITY",NA,0,0,0
"253","DAVAO DEL NORTE","CARMEN",3,4,2
"254","DAVAO DEL NORTE","CITY OF PANABO",14,16,7
"255","DAVAO DEL NORTE","CITY OF TAGUM (Capital)",15,18,8
"256","DAVAO DEL NORTE","ISLAND GARDEN CITY OF SAMAL",368,435,201
"257","DAVAO DEL SUR","CITY OF DIGOS (Capital)",522,328,147
"258","DAVAO DEL SUR","HAGONOY",374,234,105
"259","DAVAO DEL SUR","MALALAG",115,72,32
"260","DAVAO DEL SUR","PADADA",134,84,37
"261","DAVAO DEL SUR","SANTA CRUZ",3150,1977,885
"262","DAVAO DEL SUR","SULOP",34,21,9
"263","DAVAO ORIENTAL","BAGANGA",483,360,151
"264","DAVAO ORIENTAL","BANAYBANAY",133,99,42
"265","DAVAO ORIENTAL","BOSTON",56,41,17
"266","DAVAO ORIENTAL","CARAGA",242,180,76
"267","DAVAO ORIENTAL","CATEEL",173,129,54
"268","DAVAO ORIENTAL","CITY OF MATI (Capital)",1155,861,363
"269","DAVAO ORIENTAL","GOVERNOR GENEROSO",688,513,216
"270","DAVAO ORIENTAL","LUPON",130,97,41
"271","DAVAO ORIENTAL","MANAY",239,178,75
"272","DAVAO ORIENTAL","SAN ISIDRO",133,99,41
"273","DAVAO ORIENTAL","TARRAGONA",264,196,83
"274","EASTERN SAMAR","ARTECHE",246,141,75
"275","EASTERN SAMAR","BALANGIGA",224,129,68
"276","EASTERN SAMAR","BALANGKAYAN",68,39,21
"277","EASTERN SAMAR","CAN-AVID",47,27,14
"278","EASTERN SAMAR","CITY OF BORONGAN (Capital)",372,214,114
"279","EASTERN SAMAR","DOLORES",352,203,108
"280","EASTERN SAMAR","GIPORLOS",146,84,44
"281","EASTERN SAMAR","GUIUAN",2807,1619,861
"282","EASTERN SAMAR","HERNANI",305,175,93
"283","EASTERN SAMAR","LLORENTE",145,83,44
"284","EASTERN SAMAR","MAYDOLONG",103,59,31
"285","EASTERN SAMAR","MERCEDES",294,169,90
"286","EASTERN SAMAR","ORAS",218,125,66
"287","EASTERN SAMAR","QUINAPONDAN",16,9,5
"288","EASTERN SAMAR","SALCEDO",379,219,116
"289","EASTERN SAMAR","SAN JULIAN",69,40,21
"290","EASTERN SAMAR","SULAT",423,244,129
"291","GUIMARAS","BUENAVISTA",355,177,121
"292","GUIMARAS","JORDAN (Capital)",186,93,63
"293","GUIMARAS","NUEVA VALENCIA",1746,872,598
"294","GUIMARAS","SAN LORENZO",53,26,18
"295","GUIMARAS","SIBUNAG",305,152,104
"296","ILOCOS NORTE","BACARRA",174,67,32
"297","ILOCOS NORTE","BADOC",300,116,56
"298","ILOCOS NORTE","BANGUI",31,12,5
"299","ILOCOS NORTE","BURGOS",513,198,95
"300","ILOCOS NORTE","CURRIMAO",120,46,22
"301","ILOCOS NORTE","PAGUDPUD",603,234,112
"302","ILOCOS NORTE","PAOAY",225,87,42
"303","ILOCOS NORTE","PASUQUIN",553,214,103
"304","ILOCOS SUR","CABUGAO",95,123,65
"305","ILOCOS SUR","CAOAYAN",51,67,35
"306","ILOCOS SUR","CITY OF CANDON",87,113,59
"307","ILOCOS SUR","CITY OF VIGAN (Capital)",22,28,15
"308","ILOCOS SUR","MAGSINGAL",88,114,60
"309","ILOCOS SUR","NARVACAN",43,55,29
"310","ILOCOS SUR","SAN ESTEBAN",44,57,30
"311","ILOCOS SUR","SAN JUAN (LAPOG)",14,18,9
"312","ILOCOS SUR","SAN VICENTE",25,32,17
"313","ILOCOS SUR","SANTA",7,9,4
"314","ILOCOS SUR","SANTA CATALINA",80,104,55
"315","ILOCOS SUR","SANTA CRUZ",71,91,48
"316","ILOCOS SUR","SANTA LUCIA",30,39,20
"317","ILOCOS SUR","SANTA MARIA",28,37,19
"318","ILOCOS SUR","SANTO DOMINGO",2,3,1
"319","ILOCOS SUR","SINAIT",15,20,10
"320","ILOCOS SUR","TAGUDIN",50,65,34
"321","ILOILO","AJUY",2021,1670,1080
"322","ILOILO","ANILAO",52,43,28
"323","ILOILO","BALASAN",6,5,3
"324","ILOILO","BANATE",378,312,202
"325","ILOILO","BAROTAC NUEVO",497,410,265
"326","ILOILO","BAROTAC VIEJO",391,323,208
"327","ILOILO","BATAD",224,185,119
"328","ILOILO","CARLES",9473,7828,5061
"329","ILOILO","CONCEPCION",6042,4992,3228
"330","ILOILO","DUMANGAS",1284,1061,686
"331","ILOILO","ESTANCIA",299,247,160
"332","ILOILO","GUIMBAL",656,542,350
"333","ILOILO","LEGANES",74,61,39
"334","ILOILO","MIAGAO",973,804,520
"335","ILOILO","OTON",324,268,173
"336","ILOILO","SAN DIONISIO",276,228,147
"337","ILOILO","SAN JOAQUIN",1936,1599,1034
"338","ILOILO","TIGBAUAN",548,452,292
"339","ILOILO","ZARRAGA",41,34,22
"340","ISABELA","DINAPIGUE",54,20,12
"341","ISABELA","DIVILACAN",3,1,0
"342","ISABELA","ILAGAN CITY(Capital)",59,22,13
"343","ISABELA","MACONACON",12,4,2
"344","ISABELA","PALANAN",72,27,16
"345","ISABELA","SAN MARIANO",23,8,5
"346","ISABELA","SAN PABLO",15,5,3
"347","LA UNION","AGOO",44,61,34
"348","LA UNION","ARINGAY",76,107,60
"349","LA UNION","BACNOTAN",52,73,41
"350","LA UNION","BALAOAN",52,72,40
"351","LA UNION","BANGAR",25,35,20
"352","LA UNION","BAUANG",93,129,72
"353","LA UNION","CABA",22,31,17
"354","LA UNION","CITY OF SAN FERNANDO (Capital)",167,234,131
"355","LA UNION","LUNA",114,159,89
"356","LA UNION","ROSARIO",10,14,7
"357","LA UNION","SAN JUAN",18,26,14
"358","LA UNION","SANTO TOMAS",114,160,89
"359","LANAO DEL NORTE","BACOLOD",2088,918,399
"360","LANAO DEL NORTE","BAROY",105,46,20
"361","LANAO DEL NORTE","KAPATAGAN",48,21,9
"362","LANAO DEL NORTE","KAUSWAGAN",1262,554,241
"363","LANAO DEL NORTE","KOLAMBUGAN",356,156,68
"364","LANAO DEL NORTE","LALA",308,135,58
"365","LANAO DEL NORTE","LINAMON",305,134,58
"366","LANAO DEL NORTE","MAIGO",443,194,84
"367","LANAO DEL NORTE","SULTAN NAGA DIMAPORO (KAROMATAN)",6312,2774,1205
"368","LANAO DEL NORTE","TUBOD (Capital)",131,57,25
"369","LANAO DEL SUR",NA,0,0,0
"370","LEYTE","ABUYOG",466,678,292
"371","LEYTE","ALBUERA",159,232,100
"372","LEYTE","BABATNGON",143,207,89
"373","LEYTE","BARUGO",139,203,87
"374","LEYTE","BATO",2,3,1
"375","LEYTE","CALUBIAN",503,730,314
"376","LEYTE","CAPOOCAN",219,318,137
"377","LEYTE","CARIGARA",65,94,40
"378","LEYTE","CITY OF BAYBAY",465,675,291
"379","LEYTE","DULAG",532,773,333
"380","LEYTE","HILONGOS",166,241,104
"381","LEYTE","HINDANG",47,68,29
"382","LEYTE","INOPACAN",684,994,428
"383","LEYTE","ISABEL",180,262,113
"384","LEYTE","JAVIER (BUGHO)",22,32,13
"385","LEYTE","LEYTE",38,56,24
"386","LEYTE","MACARTHUR",74,107,46
"387","LEYTE","MATAG-OB",2,3,1
"388","LEYTE","MATALOM",576,837,360
"389","LEYTE","MAYORGA",95,139,60
"390","LEYTE","MERIDA",141,205,88
"391","LEYTE","PALO",45,65,28
"392","LEYTE","PALOMPON",1170,1700,732
"393","LEYTE","SAN ISIDRO",233,339,146
"394","LEYTE","SAN MIGUEL",28,41,18
"395","LEYTE","TABANGO",269,391,168
"396","LEYTE","TANAUAN",74,107,46
"397","LEYTE","TOLOSA",106,154,66
"398","LEYTE","VILLABA",175,254,109
"399","MAGUINDANAO","DATU ODIN SINSUAT (DINAIG) (Capital)",187,117,59
"400","MAGUINDANAO","MATANOG",138,87,44
"401","MAGUINDANAO","PARANG",925,582,295
"402","MAGUINDANAO","SULTAN KUDARAT (NULING)",27,17,8
"403","MAGUINDANAO","UPI",1132,713,362
"404","MARINDUQUE","BUENAVISTA",270,130,68
"405","MARINDUQUE","GASAN",568,274,144
"406","MARINDUQUE","MOGPOG",393,190,99
"407","MARINDUQUE","SANTA CRUZ",455,220,115
"408","MARINDUQUE","TORRIJOS",548,265,139
"409","MASBATE","AROROY",2741,1256,565
"410","MASBATE","BALENO",484,221,99
"411","MASBATE","BALUD",5272,2416,1087
"412","MASBATE","BATUAN",828,379,170
"413","MASBATE","CATAINGAN",665,304,137
"414","MASBATE","CAWAYAN",2570,1178,530
"415","MASBATE","CLAVERIA",3642,1669,751
"416","MASBATE","DIMASALANG",473,217,97
"417","MASBATE","ESPERANZA",1644,753,339
"418","MASBATE","MANDAON",1025,469,211
"419","MASBATE","MILAGROS",1519,696,313
"420","MASBATE","MOBO",181,83,37
"421","MASBATE","MONREAL",1591,729,328
"422","MASBATE","PALANAS",457,209,94
"423","MASBATE","PIO V. CORPUZ (LIMBUHAN)",919,421,189
"424","MASBATE","PLACER",1542,706,318
"425","MASBATE","SAN FERNANDO",481,220,99
"426","MASBATE","SAN JACINTO",555,254,114
"427","MASBATE","SAN PASCUAL",4757,2180,981
"428","MASBATE","USON",143,65,29
"429","METROPOLITAN MANILA",NA,0,0,0
"430","MISAMIS OCCIDENTAL","ALORAN",1701,955,408
"431","MISAMIS OCCIDENTAL","BALIANGAO",2161,1213,518
"432","MISAMIS OCCIDENTAL","BONIFACIO",151,85,36
"433","MISAMIS OCCIDENTAL","CLARIN",358,201,86
"434","MISAMIS OCCIDENTAL","JIMENEZ",1156,649,277
"435","MISAMIS OCCIDENTAL","LOPEZ JAENA",1864,1046,447
"436","MISAMIS OCCIDENTAL","OROQUIETA CITY (Capital)",1239,695,297
"437","MISAMIS OCCIDENTAL","OZAMIS CITY",474,266,113
"438","MISAMIS OCCIDENTAL","PANAON",683,383,164
"439","MISAMIS OCCIDENTAL","PLARIDEL",3557,1997,853
"440","MISAMIS OCCIDENTAL","SAPANG DALAGA",204,114,49
"441","MISAMIS OCCIDENTAL","SINACABAN",321,180,77
"442","MISAMIS OCCIDENTAL","TANGUB CITY",390,219,93
"443","MISAMIS OCCIDENTAL","TUDELA",598,336,143
"444","MISAMIS ORIENTAL","ALUBIJID",45,20,7
"445","MISAMIS ORIENTAL","BALINGASAG",811,370,133
"446","MISAMIS ORIENTAL","BALINGOAN",34,15,5
"447","MISAMIS ORIENTAL","BINUANGAN",294,134,48
"448","MISAMIS ORIENTAL","CAGAYAN DE ORO CITY (Capital)",479,218,79
"449","MISAMIS ORIENTAL","CITY OF EL SALVADOR",448,204,74
"450","MISAMIS ORIENTAL","GINGOOG CITY",446,203,73
"451","MISAMIS ORIENTAL","GITAGUM",533,243,88
"452","MISAMIS ORIENTAL","INITAO",992,452,163
"453","MISAMIS ORIENTAL","JASAAN",792,361,130
"454","MISAMIS ORIENTAL","KINOGUITAN",198,90,32
"455","MISAMIS ORIENTAL","LAGONGLONG",90,41,14
"456","MISAMIS ORIENTAL","LAGUINDINGAN",1447,660,238
"457","MISAMIS ORIENTAL","LIBERTAD",477,217,78
"458","MISAMIS ORIENTAL","LUGAIT",242,110,39
"459","MISAMIS ORIENTAL","MAGSAYSAY (LINUGOS)",1765,805,291
"460","MISAMIS ORIENTAL","MANTICAO",427,194,70
"461","MISAMIS ORIENTAL","MEDINA",711,324,117
"462","MISAMIS ORIENTAL","NAAWAN",87,40,14
"463","MISAMIS ORIENTAL","OPOL",71,32,11
"464","MISAMIS ORIENTAL","SALAY",420,191,69
"465","MISAMIS ORIENTAL","SUGBONGCOGON",476,217,78
"466","MISAMIS ORIENTAL","TAGOLOAN",107,49,17
"467","MISAMIS ORIENTAL","TALISAYAN",919,419,151
"468","MISAMIS ORIENTAL","VILLANUEVA",162,74,26
"469","NEGROS OCCIDENTAL","BAGO CITY",219,153,91
"470","NEGROS OCCIDENTAL","BINALBAGAN",563,395,234
"471","NEGROS OCCIDENTAL","CADIZ CITY",1055,740,440
"472","NEGROS OCCIDENTAL","CALATRAVA",923,648,385
"473","NEGROS OCCIDENTAL","CAUAYAN",2861,2007,1193
"474","NEGROS OCCIDENTAL","CITY OF ESCALANTE",1123,788,468
"475","NEGROS OCCIDENTAL","CITY OF HIMAMAYLAN",188,132,78
"476","NEGROS OCCIDENTAL","CITY OF KABANKALAN",4,3,1
"477","NEGROS OCCIDENTAL","CITY OF SIPALAY",1608,1129,670
"478","NEGROS OCCIDENTAL","CITY OF TALISAY",279,196,116
"479","NEGROS OCCIDENTAL","CITY OF VICTORIAS",127,89,53
"480","NEGROS OCCIDENTAL","ENRIQUE B. MAGALONA (SARAVIA)",504,354,210
"481","NEGROS OCCIDENTAL","HINIGARAN",418,293,174
"482","NEGROS OCCIDENTAL","HINOBA-AN (ASIA)",1658,1163,691
"483","NEGROS OCCIDENTAL","ILOG",907,637,378
"484","NEGROS OCCIDENTAL","MANAPLA",354,248,147
"485","NEGROS OCCIDENTAL","PONTEVEDRA",205,143,85
"486","NEGROS OCCIDENTAL","PULUPANDAN",243,170,101
"487","NEGROS OCCIDENTAL","SAGAY CITY",1982,1390,826
"488","NEGROS OCCIDENTAL","SAN CARLOS CITY",949,666,395
"489","NEGROS OCCIDENTAL","SAN ENRIQUE",172,121,72
"490","NEGROS OCCIDENTAL","SILAY CITY",321,225,134
"491","NEGROS OCCIDENTAL","TOBOSO",320,225,133
"492","NEGROS OCCIDENTAL","VALLADOLID",95,66,39
"493","NEGROS ORIENTAL","AMLAN (AYUQUITAN)",22,25,13
"494","NEGROS ORIENTAL","AYUNGON",55,61,32
"495","NEGROS ORIENTAL","BACONG",33,37,20
"496","NEGROS ORIENTAL","BAIS CITY",58,64,34
"497","NEGROS ORIENTAL","BASAY",209,232,124
"498","NEGROS ORIENTAL","BINDOY (PAYABON)",78,87,46
"499","NEGROS ORIENTAL","CITY OF BAYAWAN (TULONG)",88,98,52
"500","NEGROS ORIENTAL","CITY OF GUIHULNGAN",165,183,98
"501","NEGROS ORIENTAL","CITY OF TANJAY",35,38,20
"502","NEGROS ORIENTAL","DAUIN",304,338,181
"503","NEGROS ORIENTAL","DUMAGUETE CITY (Capital)",63,70,38
"504","NEGROS ORIENTAL","JIMALALUD",25,28,15
"505","NEGROS ORIENTAL","LA LIBERTAD",59,65,35
"506","NEGROS ORIENTAL","MANJUYOD",79,87,47
"507","NEGROS ORIENTAL","SAN JOSE",17,19,10
"508","NEGROS ORIENTAL","SANTA CATALINA",188,208,111
"509","NEGROS ORIENTAL","SIATON",490,543,291
"510","NEGROS ORIENTAL","SIBULAN",26,29,15
"511","NEGROS ORIENTAL","TAYASAN",42,47,25
"512","NEGROS ORIENTAL","VALLEHERMOSO",97,107,57
"513","NEGROS ORIENTAL","ZAMBOANGUITA",53,59,31
"514","NORTHERN SAMAR","ALLEN",272,111,54
"515","NORTHERN SAMAR","BIRI",1436,589,287
"516","NORTHERN SAMAR","BOBON",103,42,20
"517","NORTHERN SAMAR","CAPUL",424,174,85
"518","NORTHERN SAMAR","CATARMAN (Capital)",467,191,93
"519","NORTHERN SAMAR","GAMAY",450,185,90
"520","NORTHERN SAMAR","LAOANG",1204,494,241
"521","NORTHERN SAMAR","LAPINIG",84,34,16
"522","NORTHERN SAMAR","LAVEZARES",200,82,40
"523","NORTHERN SAMAR","MAPANAS",401,164,80
"524","NORTHERN SAMAR","MONDRAGON",139,57,27
"525","NORTHERN SAMAR","PALAPAG",641,263,128
"526","NORTHERN SAMAR","PAMBUJAN",78,32,15
"527","NORTHERN SAMAR","ROSARIO",41,16,8
"528","NORTHERN SAMAR","SAN ANTONIO",340,139,68
"529","NORTHERN SAMAR","SAN ISIDRO",204,83,40
"530","NORTHERN SAMAR","SAN JOSE",273,112,54
"531","NORTHERN SAMAR","SAN ROQUE",722,296,144
"532","NORTHERN SAMAR","SAN VICENTE",1419,582,284
"533","NORTHERN SAMAR","VICTORIA",29,11,5
"534","OCCIDENTAL MINDORO","ABRA DE ILOG",240,141,86
"535","OCCIDENTAL MINDORO","CALINTAAN",33,19,11
"536","OCCIDENTAL MINDORO","LOOC",986,580,354
"537","OCCIDENTAL MINDORO","LUBANG",784,461,281
"538","OCCIDENTAL MINDORO","MAGSAYSAY",91,53,32
"539","OCCIDENTAL MINDORO","MAMBURAO (Capital)",312,183,112
"540","OCCIDENTAL MINDORO","PALUAN",890,524,320
"541","OCCIDENTAL MINDORO","RIZAL",223,131,80
"542","OCCIDENTAL MINDORO","SABLAYAN",544,320,195
"543","OCCIDENTAL MINDORO","SAN JOSE",792,466,284
"544","OCCIDENTAL MINDORO","SANTA CRUZ",164,96,58
"545","ORIENTAL MINDORO","BACO",242,135,79
"546","ORIENTAL MINDORO","BANSUD",186,103,61
"547","ORIENTAL MINDORO","BONGABONG",456,254,150
"548","ORIENTAL MINDORO","BULALACAO (SAN PEDRO)",852,476,281
"549","ORIENTAL MINDORO","CITY OF CALAPAN (Capital)",366,204,121
"550","ORIENTAL MINDORO","GLORIA",206,115,68
"551","ORIENTAL MINDORO","MANSALAY",245,137,81
"552","ORIENTAL MINDORO","NAUJAN",474,265,156
"553","ORIENTAL MINDORO","PINAMALAYAN",453,253,149
"554","ORIENTAL MINDORO","POLA",390,218,129
"555","ORIENTAL MINDORO","PUERTO GALERA",191,106,63
"556","ORIENTAL MINDORO","ROXAS",323,180,106
"557","ORIENTAL MINDORO","SAN TEODORO",59,33,19
"558","PALAWAN","ABORLAN",736,529,360
"559","PALAWAN","AGUTAYA",2091,1503,1024
"560","PALAWAN","ARACELI",2330,1675,1141
"561","PALAWAN","BALABAC",4612,3316,2259
"562","PALAWAN","BATARAZA",1391,1000,681
"563","PALAWAN","BROOKE'S POINT",749,538,366
"564","PALAWAN","BUSUANGA",1962,1411,961
"565","PALAWAN","CAGAYANCILLO",5141,3696,2518
"566","PALAWAN","CORON",3418,2457,1674
"567","PALAWAN","CULION",914,657,448
"568","PALAWAN","CUYO",3681,2646,1803
"569","PALAWAN","DUMARAN",901,648,441
"570","PALAWAN","EL NIDO (BACUIT)",1691,1215,828
"571","PALAWAN","KALAYAAN",24340,17499,11923
"572","PALAWAN","LINAPACAN",4040,2904,1979
"573","PALAWAN","MAGSAYSAY",1521,1093,745
"574","PALAWAN","NARRA",809,582,396
"575","PALAWAN","QUEZON",1518,1091,743
"576","PALAWAN","RIZAL (MARCOS)",1562,1123,765
"577","PALAWAN","ROXAS",1365,981,668
"578","PALAWAN","SAN VICENTE",1329,955,651
"579","PALAWAN","SOFRONIO ESPAﾑOLA",1051,756,515
"580","PALAWAN","TAYTAY",2778,1997,1361
"581","PAMPANGA","LUBAO",33,12,4
"582","PAMPANGA","MACABEBE",598,222,85
"583","PAMPANGA","SASMUAN (Sexmoan)",131,48,18
"584","PANGASINAN","AGNO",301,169,91
"585","PANGASINAN","BANI",60,33,18
"586","PANGASINAN","BINMALEY",50,28,15
"587","PANGASINAN","BOLINAO",782,439,236
"588","PANGASINAN","BURGOS",155,87,47
"589","PANGASINAN","CITY OF ALAMINOS",113,63,34
"590","PANGASINAN","DASOL",199,111,60
"591","PANGASINAN","INFANTA",59,33,18
"592","PANGASINAN","LABRADOR",11,6,3
"593","PANGASINAN","LINGAYEN (Capital)",59,33,17
"594","PANGASINAN","SAN FABIAN",42,23,12
"595","PANGASINAN","SUAL",222,125,67
"596","QUEZON","AGDANGAN",334,223,112
"597","QUEZON","ALABAT",450,300,151
"598","QUEZON","ATIMONAN",215,143,72
"599","QUEZON","BUENAVISTA",326,217,109
"600","QUEZON","BURDEOS",1893,1262,636
"601","QUEZON","CALAUAG",1539,1025,517
"602","QUEZON","CATANAUAN",534,355,179
"603","QUEZON","GENERAL LUNA",144,96,48
"604","QUEZON","GENERAL NAKAR",1948,1298,654
"605","QUEZON","GUINAYANGAN",262,175,88
"606","QUEZON","GUMACA",188,125,63
"607","QUEZON","INFANTA",771,514,259
"608","QUEZON","JOMALIG",2494,1662,838
"609","QUEZON","LOPEZ",102,68,34
"610","QUEZON","MACALELON",211,140,71
"611","QUEZON","MAUBAN",2122,1414,712
"612","QUEZON","MULANAY",541,360,181
"613","QUEZON","PADRE BURGOS",313,209,105
"614","QUEZON","PAGBILAO",624,416,209
"615","QUEZON","PANUKULAN",1712,1140,575
"616","QUEZON","PATNANUNGAN",1910,1273,642
"617","QUEZON","PEREZ",663,442,222
"618","QUEZON","PITOGO",308,205,103
"619","QUEZON","PLARIDEL",59,39,20
"620","QUEZON","POLILLO",3573,2381,1200
"621","QUEZON","QUEZON",344,229,115
"622","QUEZON","REAL",196,131,66
"623","QUEZON","SAN ANDRES",1262,841,424
"624","QUEZON","SAN FRANCISCO (AURORA)",1873,1248,629
"625","QUEZON","SAN NARCISO",910,606,305
"626","QUEZON","SARIAYA",365,243,122
"627","QUEZON","TAGKAWAYAN",101,67,34
"628","QUEZON","UNISAN",388,258,130
"629","ROMBLON","ALCANTARA",106,50,28
"630","ROMBLON","BANTON",593,279,160
"631","ROMBLON","CAJIDIOCAN",322,152,87
"632","ROMBLON","CALATRAVA",101,47,27
"633","ROMBLON","CONCEPCION",373,175,100
"634","ROMBLON","CORCUERA",246,116,66
"635","ROMBLON","FERROL",162,76,43
"636","ROMBLON","LOOC",68,32,18
"637","ROMBLON","MAGDIWANG",175,82,47
"638","ROMBLON","ODIONGAN",76,36,20
"639","ROMBLON","ROMBLON (Capital)",468,220,126
"640","ROMBLON","SAN AGUSTIN",115,54,31
"641","ROMBLON","SAN ANDRES",153,72,41
"642","ROMBLON","SAN FERNANDO",610,287,164
"643","ROMBLON","SAN JOSE",154,73,41
"644","ROMBLON","SANTA FE",259,122,70
"645","ROMBLON","SANTA MARIA (IMELDA)",151,71,40
"646","SAMAR (WESTERN SAMAR)","ALMAGRO",877,542,296
"647","SAMAR (WESTERN SAMAR)","BASEY",189,117,63
"648","SAMAR (WESTERN SAMAR)","CALBAYOG CITY",1254,775,423
"649","SAMAR (WESTERN SAMAR)","CALBIGA",100,61,33
"650","SAMAR (WESTERN SAMAR)","CITY OF CATBALOGAN (Capital)",974,602,328
"651","SAMAR (WESTERN SAMAR)","DARAM",1217,752,411
"652","SAMAR (WESTERN SAMAR)","GANDARA",106,65,36
"653","SAMAR (WESTERN SAMAR)","JIABONG",42,26,14
"654","SAMAR (WESTERN SAMAR)","MARABUT",1409,871,475
"655","SAMAR (WESTERN SAMAR)","MOTIONG",39,24,13
"656","SAMAR (WESTERN SAMAR)","PAGSANGHAN",50,31,16
"657","SAMAR (WESTERN SAMAR)","PARANAS (WRIGHT)",76,46,25
"658","SAMAR (WESTERN SAMAR)","PINABACDAO",30,19,10
"659","SAMAR (WESTERN SAMAR)","SAN SEBASTIAN",37,23,12
"660","SAMAR (WESTERN SAMAR)","SANTA MARGARITA",81,50,27
"661","SAMAR (WESTERN SAMAR)","SANTA RITA",118,73,40
"662","SAMAR (WESTERN SAMAR)","SANTO NIﾑO",1226,758,413
"663","SAMAR (WESTERN SAMAR)","TAGAPUL-AN",1552,959,524
"664","SAMAR (WESTERN SAMAR)","TALALORA",120,74,40
"665","SAMAR (WESTERN SAMAR)","TARANGNAN",844,521,285
"666","SAMAR (WESTERN SAMAR)","VILLAREAL",153,94,51
"667","SAMAR (WESTERN SAMAR)","ZUMARRAGA",234,145,79
"668","SARANGANI","ALABEL (Capital)",54,38,13
"669","SARANGANI","GLAN",1632,1152,388
"670","SARANGANI","KIAMBA",1324,935,315
"671","SARANGANI","MAASIM",1091,770,259
"672","SARANGANI","MAITUM",556,392,132
"673","SARANGANI","MALAPATAN",177,125,42
"674","SIQUIJOR","ENRIQUE VILLANUEVA",253,126,68
"675","SIQUIJOR","LARENA",127,63,34
"676","SIQUIJOR","LAZI",254,127,68
"677","SIQUIJOR","MARIA",431,215,116
"678","SIQUIJOR","SAN JUAN",307,153,83
"679","SIQUIJOR","SIQUIJOR (Capital)",188,94,51
"680","SORSOGON","BARCELONA",240,108,61
"681","SORSOGON","BULAN",684,308,175
"682","SORSOGON","BULUSAN",308,138,79
"683","SORSOGON","CASIGURAN",59,26,15
"684","SORSOGON","CASTILLA",207,93,53
"685","SORSOGON","CITY OF SORSOGON (Capital)",538,242,138
"686","SORSOGON","DONSOL",635,286,163
"687","SORSOGON","GUBAT",191,86,49
"688","SORSOGON","JUBAN",156,70,40
"689","SORSOGON","MAGALLANES",214,96,54
"690","SORSOGON","MATNOG",693,312,177
"691","SORSOGON","PILAR",499,225,128
"692","SORSOGON","PRIETO DIAZ",1019,459,261
"693","SORSOGON","SANTA MAGDALENA",190,85,48
"694","SOUTH COTABATO",NA,0,0,0
"695","SOUTHERN LEYTE","ANAHAWAN",174,123,52
"696","SOUTHERN LEYTE","BONTOC",11,8,3
"697","SOUTHERN LEYTE","CITY OF MAASIN (Capital)",252,178,75
"698","SOUTHERN LEYTE","HINUNANGAN",202,143,60
"699","SOUTHERN LEYTE","HINUNDAYAN",143,101,42
"700","SOUTHERN LEYTE","LIBAGON",55,39,16
"701","SOUTHERN LEYTE","LILOAN",237,168,71
"702","SOUTHERN LEYTE","LIMASAWA",451,320,135
"703","SOUTHERN LEYTE","MACROHON",219,155,65
"704","SOUTHERN LEYTE","MALITBOG",67,47,20
"705","SOUTHERN LEYTE","PADRE BURGOS",131,93,39
"706","SOUTHERN LEYTE","PINTUYAN",218,155,65
"707","SOUTHERN LEYTE","SAINT BERNARD",26,19,8
"708","SOUTHERN LEYTE","SAN FRANCISCO",95,68,28
"709","SOUTHERN LEYTE","SAN JUAN (CABALIAN)",53,38,16
"710","SOUTHERN LEYTE","SAN RICARDO",294,209,88
"711","SOUTHERN LEYTE","SILAGO",259,184,77
"712","SOUTHERN LEYTE","SOGOD",8,5,2
"713","SOUTHERN LEYTE","TOMAS OPPUS",39,28,11
"714","SULTAN KUDARAT","KALAMANSIG",919,497,233
"715","SULTAN KUDARAT","LEBAK",477,258,121
"716","SULTAN KUDARAT","PALIMBANG",2579,1397,654
"717","SULU","INDANAN",507,211,75
"718","SULU","KALINGALAN CALUANG",1234,514,182
"719","SULU","LUUK",1904,794,281
"720","SULU","MAIMBUNG",143,59,21
"721","SULU","OLD PANAMAO",134,55,19
"722","SULU","PANDAMI",1804,752,266
"723","SULU","PANGUTARAN",18375,7663,2714
"724","SULU","PARANG",1895,790,279
"725","SULU","PATA",1662,693,245
"726","SULU","PATIKUL",760,316,112
"727","SULU","SIASI",2086,870,308
"728","SULU","TALIPAO",166,69,24
"729","SULU","TONGKIL",8675,3618,1281
"730","SURIGAO DEL NORTE","BACUAG",31,26,12
"731","SURIGAO DEL NORTE","BURGOS",137,115,53
"732","SURIGAO DEL NORTE","CLAVER",368,310,143
"733","SURIGAO DEL NORTE","DAPA",372,313,145
"734","SURIGAO DEL NORTE","DEL CARMEN",971,818,379
"735","SURIGAO DEL NORTE","GENERAL LUNA",2180,1838,851
"736","SURIGAO DEL NORTE","GIGAQUIT",254,214,99
"737","SURIGAO DEL NORTE","MALIMONO",708,597,276
"738","SURIGAO DEL NORTE","PILAR",129,109,50
"739","SURIGAO DEL NORTE","PLACER",149,126,58
"740","SURIGAO DEL NORTE","SAN BENITO",283,239,110
"741","SURIGAO DEL NORTE","SAN FRANCISCO (ANAO-AON)",684,576,267
"742","SURIGAO DEL NORTE","SAN ISIDRO",280,236,109
"743","SURIGAO DEL NORTE","SANTA MONICA (SAPAO)",1173,989,458
"744","SURIGAO DEL NORTE","SOCORRO",957,807,373
"745","SURIGAO DEL NORTE","SURIGAO CITY (Capital)",1191,1004,465
"746","SURIGAO DEL NORTE","TAGANA-AN",572,482,223
"747","SURIGAO DEL SUR","BAROBO",382,220,100
"748","SURIGAO DEL SUR","BAYABAS",252,145,66
"749","SURIGAO DEL SUR","CAGWAIT",400,230,105
"750","SURIGAO DEL SUR","CANTILAN",598,345,158
"751","SURIGAO DEL SUR","CARRASCAL",199,114,52
"752","SURIGAO DEL SUR","CITY OF BISLIG",155,89,41
"753","SURIGAO DEL SUR","CITY OF TANDAG (Capital)",342,197,90
"754","SURIGAO DEL SUR","CORTES",817,470,215
"755","SURIGAO DEL SUR","HINATUAN",1032,595,272
"756","SURIGAO DEL SUR","LANUZA",125,72,33
"757","SURIGAO DEL SUR","LIANGA",99,57,26
"758","SURIGAO DEL SUR","LINGIG",1295,746,341
"759","SURIGAO DEL SUR","MADRID",51,29,13
"760","SURIGAO DEL SUR","MARIHATAG",386,222,101
"761","SURIGAO DEL SUR","SAN AGUSTIN",299,172,79
"762","SURIGAO DEL SUR","TAGO",94,54,24
"763","TAWI-TAWI","BONGAO (Capital)",734,324,188
"764","TAWI-TAWI","LANGUYAN",1368,605,350
"765","TAWI-TAWI","PANGLIMA SUGALA (BALIMBING) (Capital)",870,384,222
"766","TAWI-TAWI","SAPA-SAPA",1002,443,256
"767","TAWI-TAWI","SIMUNUL",862,381,220
"768","TAWI-TAWI","SITANGKAI",3518,1555,901
"769","TAWI-TAWI","TANDUBAS",350,154,89
"770","TAWI-TAWI","TURTLE ISLANDS",3485,1540,892
"771","ZAMBALES","BOTOLAN",206,110,50
"772","ZAMBALES","CABANGAN",157,84,38
"773","ZAMBALES","CANDELARIA",148,79,36
"774","ZAMBALES","IBA (Capital)",192,103,47
"775","ZAMBALES","MASINLOC",136,73,33
"776","ZAMBALES","PALAUIG",516,276,126
"777","ZAMBALES","SAN ANTONIO",1071,574,262
"778","ZAMBALES","SAN FELIPE",130,70,32
"779","ZAMBALES","SAN NARCISO",94,50,23
"780","ZAMBALES","SANTA CRUZ",631,338,155
"781","ZAMBALES","SUBIC",66,35,16
"782","ZAMBOANGA CITY",NA,0,0,0
"783","ZAMBOANGA DEL NORTE","BACUNGAN (Leon T. Postigo)",975,598,244
"784","ZAMBOANGA DEL NORTE","BALIGUIAN",1872,1149,469
"785","ZAMBOANGA DEL NORTE","DAPITAN CITY",6508,3995,1631
"786","ZAMBOANGA DEL NORTE","DIPOLOG CITY (Capital)",670,411,168
"787","ZAMBOANGA DEL NORTE","GUTALAC",1812,1112,454
"788","ZAMBOANGA DEL NORTE","JOSE DALMAN (PONOT)",1156,709,289
"789","ZAMBOANGA DEL NORTE","KATIPUNAN",318,195,79
"790","ZAMBOANGA DEL NORTE","LABASON",2210,1356,554
"791","ZAMBOANGA DEL NORTE","LILOY",1765,1083,442
"792","ZAMBOANGA DEL NORTE","MANUKAN",1446,888,362
"793","ZAMBOANGA DEL NORTE","PRES. MANUEL A. ROXAS",527,323,132
"794","ZAMBOANGA DEL NORTE","RIZAL",63,38,15
"795","ZAMBOANGA DEL NORTE","SALUG",544,334,136
"796","ZAMBOANGA DEL NORTE","SIBUCO",3251,1995,815
"797","ZAMBOANGA DEL NORTE","SIBUTAD",671,412,168
"798","ZAMBOANGA DEL NORTE","SINDANGAN",1829,1122,458
"799","ZAMBOANGA DEL NORTE","SIOCON",1928,1183,483
"800","ZAMBOANGA DEL NORTE","SIRAWAI",1408,864,353
"801","ZAMBOANGA DEL SUR","AURORA",30,15,7
"802","ZAMBOANGA DEL SUR","DIMATALING",649,334,149
"803","ZAMBOANGA DEL SUR","DINAS",1317,679,304
"804","ZAMBOANGA DEL SUR","DUMALINAO",825,425,190
"805","ZAMBOANGA DEL SUR","KUMALARANG",152,78,35
"806","ZAMBOANGA DEL SUR","LABANGAN",301,155,69
"807","ZAMBOANGA DEL SUR","LAPUYAN",595,307,137
"808","ZAMBOANGA DEL SUR","MARGOSATUBIG",692,357,160
"809","ZAMBOANGA DEL SUR","PAGADIAN CITY (Capital)",554,286,128
"810","ZAMBOANGA DEL SUR","PITOGO",4346,2242,1004
"811","ZAMBOANGA DEL SUR","SAN PABLO",3511,1811,811
"812","ZAMBOANGA DEL SUR","TABINA",6325,3263,1461
"813","ZAMBOANGA DEL SUR","TAMBULIG",50,26,11
"814","ZAMBOANGA DEL SUR","TUKURAN",217,112,50
"815","ZAMBOANGA DEL SUR","VINCENZO A. SAGUN",3259,1681,753
"816","ZAMBOANGA SIBUGAY","ALICIA",904,649,413
"817","ZAMBOANGA SIBUGAY","BUUG",94,67,43
"818","ZAMBOANGA SIBUGAY","IPIL (Capital)",818,587,373
"819","ZAMBOANGA SIBUGAY","KABASALAN",49,35,22
"820","ZAMBOANGA SIBUGAY","MABUHAY",1608,1155,734
"821","ZAMBOANGA SIBUGAY","MALANGAS",261,187,119
"822","ZAMBOANGA SIBUGAY","NAGA",532,382,243
"823","ZAMBOANGA SIBUGAY","OLUTANGA",2479,1781,1132
"824","ZAMBOANGA SIBUGAY","PAYAO",2746,1972,1254
"825","ZAMBOANGA SIBUGAY","ROSELLER LIM",239,172,109
"826","ZAMBOANGA SIBUGAY","SIAY",195,140,89
"827","ZAMBOANGA SIBUGAY","TALUSAN",359,258,164
"828","ZAMBOANGA SIBUGAY","TUNGAWAN",1528,1097,697
